<?xml version="1.0" encoding="UTF-8"?>
<project-private xmlns="http://www.netbeans.org/ns/project-private/1">
    <editor-bookmarks xmlns="http://www.netbeans.org/ns/editor-bookmarks/2" lastBookmarkId="0"/>
    <open-files xmlns="http://www.netbeans.org/ns/projectui-open-files/2">
        <group>
            <file>file:/C:/xampp202308/htdocs/ProfilOldal/pages/hobbies.inc.php</file>
            <file>file:/C:/xampp202308/htdocs/ProfilOldal/pages/404.inc.php</file>
            <file>file:/C:/xampp202308/htdocs/ProfilOldal/style.css</file>
            <file>file:/C:/xampp202308/htdocs/ProfilOldal/index.php</file>
            <file>file:/C:/xampp202308/htdocs/ProfilOldal/pages/main.inc.php</file>
            <file>file:/C:/xampp202308/htdocs/ProfilOldal/pages/experience.inc.php</file>
        </group>
    </open-files>
</project-private>
