<?xml version="1.0"?>
<CSVData><Row><Index>1</Index><Year>1928</Year><Age>22</Age><Name> "Janet Gaynor"</Name><Movie> "Seventh Heaven</Movie></Row><Row><Index>2</Index><Year>1929</Year><Age>37</Age><Name> "Mary Pickford"</Name><Movie> "Coquette"</Movie></Row><Row><Index>3</Index><Year>1930</Year><Age>28</Age><Name> "Norma Shearer"</Name><Movie> "The Divorcee"	</Movie></Row><Row><Index>4</Index><Year>1931</Year><Age>63</Age><Name> "Marie Dressler"</Name><Movie> "Min and Bill"</Movie></Row><Row><Index>5</Index><Year>1932</Year><Age>32</Age><Name> "Helen Hayes"</Name><Movie> "The Sin of Madelon Claudet"	</Movie></Row><Row><Index>6</Index><Year>1933</Year><Age>26</Age><Name> "Katharine Hepburn"</Name><Movie> "Morning Glory"</Movie></Row><Row><Index>7</Index><Year>1934</Year><Age>31</Age><Name> "Claudette Colbert"</Name><Movie> "It Happened One Night"</Movie></Row><Row><Index>8</Index><Year>1935</Year><Age>27</Age><Name> "Bette Davis"</Name><Movie> "Dangerous"</Movie></Row><Row><Index>9</Index><Year>1936</Year><Age>27</Age><Name> "Luise Rainer"</Name><Movie> "The Great Ziegfeld"</Movie></Row><Row><Index>10</Index><Year>1937</Year><Age>28</Age><Name> "Luise Rainer"</Name><Movie> "The Good Earth"</Movie></Row><Row><Index>11</Index><Year>1938</Year><Age>30</Age><Name> "Bette Davis"</Name><Movie> "Jezebel"</Movie></Row><Row><Index>12</Index><Year>1939</Year><Age>26</Age><Name> "Vivien Leigh"</Name><Movie> "Gone with the Wind"</Movie></Row><Row><Index>13</Index><Year>1940</Year><Age>29</Age><Name> "Ginger Rogers"</Name><Movie> "Kitty Foyle"</Movie></Row><Row><Index>14</Index><Year>1941</Year><Age>24</Age><Name> "Joan Fontaine"</Name><Movie> "Suspicion"	</Movie></Row><Row><Index>15</Index><Year>1942</Year><Age>38</Age><Name> "Greer Garson"</Name><Movie> "Mrs. Miniver"</Movie></Row><Row><Index>16</Index><Year>1943</Year><Age>25</Age><Name> "Jennifer Jones"</Name><Movie> "The Song of Bernadette"</Movie></Row><Row><Index>17</Index><Year>1944</Year><Age>29</Age><Name> "Ingrid Bergman"</Name><Movie> "Gaslight"</Movie></Row><Row><Index>18</Index><Year>1945</Year><Age>40</Age><Name> "Joan Crawford"</Name><Movie> "Mildred Pierce"</Movie></Row><Row><Index>19</Index><Year>1946</Year><Age>30</Age><Name> "Olivia de Havilland"</Name><Movie> "To Each His Own"</Movie></Row><Row><Index>20</Index><Year>1947</Year><Age>35</Age><Name> "Loretta Young"</Name><Movie> "The Farmer's Daughter"</Movie></Row><Row><Index>21</Index><Year>1948</Year><Age>32</Age><Name> "Jane Wyman"</Name><Movie> "Johnny Belinda"</Movie></Row><Row><Index>22</Index><Year>1949</Year><Age>33</Age><Name> "Olivia de Havilland"</Name><Movie> "The Heiress"</Movie></Row><Row><Index>23</Index><Year>1950</Year><Age>29</Age><Name> "Judy Holliday"</Name><Movie> "Born Yesterday"</Movie></Row><Row><Index>24</Index><Year>1951</Year><Age>38</Age><Name> "Vivien Leigh"</Name><Movie> "A Streetcar Named Desire"</Movie></Row><Row><Index>25</Index><Year>1952</Year><Age>54</Age><Name> "Shirley Booth"</Name><Movie> "Come Back</Movie></Row><Row><Index>26</Index><Year>1953</Year><Age>24</Age><Name> "Audrey Hepburn"</Name><Movie> "Roman Holiday"</Movie></Row><Row><Index>27</Index><Year>1954</Year><Age>25</Age><Name> "Grace Kelly"</Name><Movie> "The Country Girl"</Movie></Row><Row><Index>28</Index><Year>1955</Year><Age>48</Age><Name> "Anna Magnani"</Name><Movie> "The Rose Tattoo"</Movie></Row><Row><Index>29</Index><Year>1956</Year><Age>41</Age><Name> "Ingrid Bergman"</Name><Movie> "Anastasia"</Movie></Row><Row><Index>30</Index><Year>1957</Year><Age>28</Age><Name> "Joanne Woodward"</Name><Movie> "The Three Faces of Eve"</Movie></Row><Row><Index>31</Index><Year>1958</Year><Age>41</Age><Name> "Susan Hayward"</Name><Movie> "I Want to Live!"</Movie></Row><Row><Index>32</Index><Year>1959</Year><Age>39</Age><Name> "Simone Signoret"</Name><Movie> "Room at the Top"</Movie></Row><Row><Index>33</Index><Year>1960</Year><Age>29</Age><Name> "Elizabeth Taylor"</Name><Movie> "BUtterfield 8"</Movie></Row><Row><Index>34</Index><Year>1961</Year><Age>27</Age><Name> "Sophia Loren"</Name><Movie> "Two Women"</Movie></Row><Row><Index>35</Index><Year>1962</Year><Age>31</Age><Name> "Anne Bancroft"</Name><Movie> "The Miracle Worker"</Movie></Row><Row><Index>36</Index><Year>1963</Year><Age>31</Age><Name> "Patricia Neal"</Name><Movie> "Hud"</Movie></Row><Row><Index>37</Index><Year>1964</Year><Age>29</Age><Name> "Julie Andrews"</Name><Movie> "Mary Poppins"</Movie></Row><Row><Index>38</Index><Year>1965</Year><Age>25</Age><Name> "Julie Christie"</Name><Movie> "Darling"</Movie></Row><Row><Index>39</Index><Year>1966</Year><Age>35</Age><Name> "Elizabeth Taylor"</Name><Movie> "Who's Afraid of Virginia Woolf?"</Movie></Row><Row><Index>40</Index><Year>1967</Year><Age>60</Age><Name> "Katharine Hepburn"</Name><Movie> "Guess Who's Coming to Dinner"</Movie></Row><Row><Index>41</Index><Year>1968</Year><Age>61</Age><Name> "Katharine Hepburn"</Name><Movie> "The Lion in Winter"</Movie></Row><Row><Index>42</Index><Year>1969</Year><Age>26</Age><Name> "Barbra Streisand"</Name><Movie> "Funny Girl"</Movie></Row><Row><Index>43</Index><Year>1970</Year><Age>35</Age><Name> "Maggie Smith"</Name><Movie> "The Prime of Miss Jean Brodie"</Movie></Row><Row><Index>44</Index><Year>1971</Year><Age>34</Age><Name> "Glenda Jackson"</Name><Movie> "Women in Love"</Movie></Row><Row><Index>45</Index><Year>1972</Year><Age>34</Age><Name> "Jane Fonda"</Name><Movie> "Klute"</Movie></Row><Row><Index>46</Index><Year>1973</Year><Age>27</Age><Name> "Liza Minnelli"</Name><Movie> "Cabaret"</Movie></Row><Row><Index>47</Index><Year>1974</Year><Age>37</Age><Name> "Glenda Jackson"</Name><Movie> "A Touch of Class"</Movie></Row><Row><Index>48</Index><Year>1975</Year><Age>42</Age><Name> "Ellen Burstyn"</Name><Movie> "Alice Doesn't Live Here Anymore"	</Movie></Row><Row><Index>49</Index><Year>1976</Year><Age>41</Age><Name> "Louise Fletcher"</Name><Movie> "One Flew Over the Cuckoo's Nest"</Movie></Row><Row><Index>50</Index><Year>1977</Year><Age>36</Age><Name> "Faye Dunaway"</Name><Movie> "Network"</Movie></Row><Row><Index>51</Index><Year>1978</Year><Age>32</Age><Name> "Diane Keaton"</Name><Movie> "Annie Hall"</Movie></Row><Row><Index>52</Index><Year>1979</Year><Age>41</Age><Name> "Jane Fonda"</Name><Movie> "Coming Home"</Movie></Row><Row><Index>53</Index><Year>1980</Year><Age>33</Age><Name> "Sally Field"</Name><Movie> "Norma Rae"</Movie></Row><Row><Index>54</Index><Year>1981</Year><Age>31</Age><Name> "Sissy Spacek"</Name><Movie> "Coal Miner's Daughter"	</Movie></Row><Row><Index>55</Index><Year>1982</Year><Age>74</Age><Name> "Katharine Hepburn"</Name><Movie> "On Golden Pond"</Movie></Row><Row><Index>56</Index><Year>1983</Year><Age>33</Age><Name> "Meryl Streep"</Name><Movie> "Sophie's Choice"</Movie></Row><Row><Index>57</Index><Year>1984</Year><Age>49</Age><Name> "Shirley MacLaine"</Name><Movie> "Terms of Endearment"	</Movie></Row><Row><Index>58</Index><Year>1985</Year><Age>38</Age><Name> "Sally Field"</Name><Movie> "Places in the Heart"</Movie></Row><Row><Index>59</Index><Year>1986</Year><Age>61</Age><Name> "Geraldine Page"</Name><Movie> "The Trip to Bountiful"	</Movie></Row><Row><Index>60</Index><Year>1987</Year><Age>21</Age><Name> "Marlee Matlin"</Name><Movie> "Children of a Lesser God"</Movie></Row><Row><Index>61</Index><Year>1988</Year><Age>41</Age><Name> "Cher"</Name><Movie> "Moonstruck"</Movie></Row><Row><Index>62</Index><Year>1989</Year><Age>26</Age><Name> "Jodie Foster"</Name><Movie> "The Accused"</Movie></Row><Row><Index>63</Index><Year>1990</Year><Age>80</Age><Name> "Jessica Tandy"</Name><Movie> "Driving Miss Daisy"</Movie></Row><Row><Index>64</Index><Year>1991</Year><Age>42</Age><Name> "Kathy Bates"</Name><Movie> "Misery"</Movie></Row><Row><Index>65</Index><Year>1992</Year><Age>29</Age><Name> "Jodie Foster"</Name><Movie> "The Silence of the Lambs"</Movie></Row><Row><Index>66</Index><Year>1993</Year><Age>33</Age><Name> "Emma Thompson"</Name><Movie> "Howards End"</Movie></Row><Row><Index>67</Index><Year>1994</Year><Age>36</Age><Name> "Holly Hunter"</Name><Movie> "The Piano"</Movie></Row><Row><Index>68</Index><Year>1995</Year><Age>45</Age><Name> "Jessica Lange"</Name><Movie> "Blue Sky"</Movie></Row><Row><Index>69</Index><Year>1996</Year><Age>49</Age><Name> "Susan Sarandon"</Name><Movie> "Dead Man Walking"</Movie></Row><Row><Index>70</Index><Year>1997</Year><Age>39</Age><Name> "Frances McDormand"</Name><Movie> "Fargo"</Movie></Row><Row><Index>71</Index><Year>1998</Year><Age>34</Age><Name> "Helen Hunt"</Name><Movie> "As Good as It Gets"</Movie></Row><Row><Index>72</Index><Year>1999</Year><Age>26</Age><Name> "Gwyneth Paltrow"</Name><Movie> "Shakespeare in Love"</Movie></Row><Row><Index>73</Index><Year>2000</Year><Age>25</Age><Name> "Hilary Swank"</Name><Movie> "Boys Don't Cry"</Movie></Row><Row><Index>74</Index><Year>2001</Year><Age>33</Age><Name> "Julia Roberts"</Name><Movie> "Erin Brockovich"</Movie></Row><Row><Index>75</Index><Year>2002</Year><Age>35</Age><Name> "Halle Berry"</Name><Movie> "Monster's Ball"</Movie></Row><Row><Index>76</Index><Year>2003</Year><Age>35</Age><Name> "Nicole Kidman"</Name><Movie> "The Hours"</Movie></Row><Row><Index>77</Index><Year>2004</Year><Age>28</Age><Name> "Charlize Theron"</Name><Movie> "Monster"</Movie></Row><Row><Index>78</Index><Year>2005</Year><Age>30</Age><Name> "Hilary Swank"</Name><Movie> "Million Dollar Baby"</Movie></Row><Row><Index>79</Index><Year>2006</Year><Age>29</Age><Name> "Reese Witherspoon"</Name><Movie> "Walk the Line"</Movie></Row><Row><Index>80</Index><Year>2007</Year><Age>61</Age><Name> "Helen Mirren"</Name><Movie> "The Queen"</Movie></Row><Row><Index>81</Index><Year>2008</Year><Age>32</Age><Name> "Marion Cotillard"</Name><Movie> "La Vie en rose"</Movie></Row><Row><Index>82</Index><Year>2009</Year><Age>33</Age><Name> "Kate Winslet"</Name><Movie> "The Reader"</Movie></Row><Row><Index>83</Index><Year>2010</Year><Age>45</Age><Name> "Sandra Bullock"</Name><Movie> "The Blind Side"</Movie></Row><Row><Index>84</Index><Year>2011</Year><Age>29</Age><Name> "Natalie Portman"</Name><Movie> "Black Swan"</Movie></Row><Row><Index>85</Index><Year>2012</Year><Age>62</Age><Name> "Meryl Streep"</Name><Movie> "The Iron Lady"</Movie></Row><Row><Index>86</Index><Year>2013</Year><Age>22</Age><Name> "Jennifer Lawrence"</Name><Movie> "Silver Linings Playbook"</Movie></Row><Row><Index>87</Index><Year>2014</Year><Age>44</Age><Name> "Cate Blanchett"</Name><Movie> "Blue Jasmine"</Movie></Row><Row><Index>88</Index><Year>2015</Year><Age>54</Age><Name> "Julianne Moore"</Name><Movie> "Still Alice"</Movie></Row><Row><Index>89</Index><Year>2016</Year><Age>26</Age><Name> "Brie Larson"</Name><Movie> "Room"</Movie></Row><Row><Index/><Year/><Age/><Name/><Movie/></Row></CSVData>
