<?xml version="1.0" encoding="UTF-8"?>
<project-private xmlns="http://www.netbeans.org/ns/project-private/1">
    <editor-bookmarks xmlns="http://www.netbeans.org/ns/editor-bookmarks/2" lastBookmarkId="0"/>
    <open-files xmlns="http://www.netbeans.org/ns/projectui-open-files/2">
        <group>
            <file>file:/C:/xampp202308/htdocs/CSVKivetel/classes/FileNotFoundException.php</file>
            <file>file:/C:/xampp202308/htdocs/CSVKivetel/classes/CSVFeldolgozo.php</file>
            <file>file:/C:/xampp202308/htdocs/CSVKivetel/index.php</file>
            <file>file:/C:/xampp202308/htdocs/CSVKivetel/classes/CSVFormatException.php</file>
            <file>file:/C:/xampp202308/htdocs/CSVKivetel/classes/IOException.php</file>
            <file>file:/C:/xampp202308/htdocs/CSVKivetel/otos.csv</file>
        </group>
    </open-files>
</project-private>
