<?xml version="1.0" encoding="UTF-8"?>
<project-private xmlns="http://www.netbeans.org/ns/project-private/1">
    <editor-bookmarks xmlns="http://www.netbeans.org/ns/editor-bookmarks/2" lastBookmarkId="0"/>
    <open-files xmlns="http://www.netbeans.org/ns/projectui-open-files/2">
        <group>
            <file>file:/C:/xampp202308/htdocs/CMSAlap/autoloader.php</file>
            <file>file:/C:/xampp202308/htdocs/CMSAlap/Core/Modules/BaseModuleVisual.php</file>
            <file>file:/C:/xampp202308/htdocs/CMSAlap/Templates/admin.html</file>
            <file>file:/C:/xampp202308/htdocs/CMSAlap/Templates/about.html</file>
            <file>file:/C:/xampp202308/htdocs/CMSAlap/Templates/footer.html</file>
            <file>file:/C:/xampp202308/htdocs/CMSAlap/Templates/teszt.html</file>
            <file>file:/C:/xampp202308/htdocs/CMSAlap/Core/View.php</file>
            <file>file:/C:/xampp202308/htdocs/CMSAlap/index.php</file>
            <file>file:/C:/xampp202308/htdocs/CMSAlap/Core/Model.php</file>
            <file>file:/C:/xampp202308/htdocs/CMSAlap/Core/Modules/BaseModule.php</file>
            <file>file:/C:/xampp202308/htdocs/CMSAlap/Core/Modules/RandomNumberModule.php</file>
            <file>file:/C:/xampp202308/htdocs/CMSAlap/Templates/index.html</file>
            <file>file:/C:/xampp202308/htdocs/CMSAlap/Core/Controller.php</file>
            <file>file:/C:/xampp202308/htdocs/CMSAlap/Core/Modules/ContentPrinterModule.php</file>
            <file>file:/C:/xampp202308/htdocs/CMSAlap/Core/Template.php</file>
            <file>file:/C:/xampp202308/htdocs/CMSAlap/config.php</file>
        </group>
    </open-files>
</project-private>
