<?xml version="1.0" encoding="UTF-8"?>
<project-private xmlns="http://www.netbeans.org/ns/project-private/1">
    <editor-bookmarks xmlns="http://www.netbeans.org/ns/editor-bookmarks/2" lastBookmarkId="0"/>
    <open-files xmlns="http://www.netbeans.org/ns/projectui-open-files/2">
        <group>
            <file>file:/C:/xampp202308/htdocs/CMSPelda/Core/Controller.php</file>
            <file>file:/C:/xampp202308/htdocs/CMSPelda/Core/PermissionHandler.php</file>
            <file>file:/C:/xampp202308/htdocs/CMSPelda/Templates/login.html</file>
            <file>file:/C:/xampp202308/htdocs/CMSPelda/Templates/guestbook.html</file>
            <file>file:/C:/xampp202308/htdocs/CMSPelda/config.php</file>
            <file>file:/C:/xampp202308/htdocs/CMSPelda/Core/Model.php</file>
            <file>file:/C:/xampp202308/htdocs/CMSPelda/index.php</file>
        </group>
    </open-files>
</project-private>
