<?xml version="1.0" encoding="UTF-8"?>
<project-private xmlns="http://www.netbeans.org/ns/project-private/1">
    <editor-bookmarks xmlns="http://www.netbeans.org/ns/editor-bookmarks/2" lastBookmarkId="0"/>
    <open-files xmlns="http://www.netbeans.org/ns/projectui-open-files/2">
        <group>
            <file>file:/C:/xampp202308/htdocs/TemplateOOP/classes/View.php</file>
            <file>file:/C:/xampp202308/htdocs/TemplateOOP/autoloader.php</file>
            <file>file:/C:/xampp202308/htdocs/TemplateOOP/index.php</file>
            <file>file:/C:/xampp202308/htdocs/TemplateOOP/classes/Controller.php</file>
            <file>file:/C:/xampp202308/htdocs/TemplateOOP/classes/Model.php</file>
            <file>file:/C:/xampp202308/htdocs/TemplateOOP/classes/Template.php</file>
        </group>
    </open-files>
</project-private>
