<?xml version="1.0"?>
<Alkatreszek><GepAlkatresz megnevezes="ASUS" szeriaszam="A001" ar="45000" szelesseg="24" hosszusag="28"><Alaplap tipus="4" frekvencia="INTEL"/></GepAlkatresz><GepAlkatresz megnevezes="AMD" szeriaszam="P001" ar="75000" szelesseg="4" hosszusag="4"><Processzor tokozas="PGA" architektura="Zen2" orajel="4200"/></GepAlkatresz><GepAlkatresz megnevezes="HyperX" szeriaszam="M001" ar="30000" szelesseg="12" hosszusag="4"><Memoria tipus="5" frekvencia="4600" kesleltetes="28"/></GepAlkatresz></Alkatreszek>
