<?xml version="1.0" encoding="UTF-8"?>
<project-private xmlns="http://www.netbeans.org/ns/project-private/1">
    <editor-bookmarks xmlns="http://www.netbeans.org/ns/editor-bookmarks/2" lastBookmarkId="0"/>
    <open-files xmlns="http://www.netbeans.org/ns/projectui-open-files/2">
        <group>
            <file>file:/C:/xampp202308/htdocs/MVCPelda/core/modell.php</file>
            <file>file:/C:/xampp202308/htdocs/MVCPelda/index.php</file>
            <file>file:/C:/xampp202308/htdocs/MVCPelda/templates/index.html</file>
            <file>file:/C:/xampp202308/htdocs/MVCPelda/templates/menubase.html</file>
            <file>file:/C:/xampp202308/htdocs/MVCPelda/core/view.php</file>
            <file>file:/C:/xampp202308/htdocs/MVCPelda/templates/menuitem.html</file>
            <file>file:/C:/xampp202308/htdocs/MVCPelda/core/controller.php</file>
        </group>
    </open-files>
</project-private>
