<?xml version="1.0"?>
<Result><Szam szam="1">219</Szam><Szam szam="2">173</Szam><Szam szam="3">230</Szam><Szam szam="4">208</Szam><Szam szam="5">174</Szam><Szam szam="6">179</Szam><Szam szam="7">200</Szam><Szam szam="8">177</Szam><Szam szam="9">177</Szam><Szam szam="10">210</Szam><Szam szam="11">195</Szam><Szam szam="12">210</Szam><Szam szam="13">211</Szam><Szam szam="14">180</Szam><Szam szam="15">222</Szam><Szam szam="16">188</Szam><Szam szam="17">180</Szam><Szam szam="18">206</Szam><Szam szam="19">195</Szam><Szam szam="20">202</Szam><Szam szam="21">181</Szam><Szam szam="22">205</Szam><Szam szam="23">195</Szam><Szam szam="24">205</Szam><Szam szam="25">201</Szam><Szam szam="26">181</Szam><Szam szam="27">200</Szam><Szam szam="28">183</Szam><Szam szam="29">216</Szam><Szam szam="30">178</Szam><Szam szam="31">179</Szam><Szam szam="32">199</Szam><Szam szam="33">189</Szam><Szam szam="34">196</Szam><Szam szam="35">195</Szam><Szam szam="36">196</Szam><Szam szam="37">195</Szam><Szam szam="38">194</Szam><Szam szam="39">178</Szam><Szam szam="40">174</Szam><Szam szam="41">191</Szam><Szam szam="42">216</Szam><Szam szam="43">203</Szam><Szam szam="44">176</Szam><Szam szam="45">200</Szam><Szam szam="46">187</Szam><Szam szam="47">208</Szam><Szam szam="48">177</Szam><Szam szam="49">199</Szam><Szam szam="50">196</Szam><Szam szam="51">201</Szam><Szam szam="52">187</Szam><Szam szam="53">183</Szam><Szam szam="54">202</Szam><Szam szam="55">209</Szam><Szam szam="56">209</Szam><Szam szam="57">190</Szam><Szam szam="58">175</Szam><Szam szam="59">199</Szam><Szam szam="60">190</Szam><Szam szam="61">188</Szam><Szam szam="62">184</Szam><Szam szam="63">160</Szam><Szam szam="64">200</Szam><Szam szam="65">199</Szam><Szam szam="66">210</Szam><Szam szam="67">197</Szam><Szam szam="68">183</Szam><Szam szam="69">199</Szam><Szam szam="70">177</Szam><Szam szam="71">203</Szam><Szam szam="72">204</Szam><Szam szam="73">205</Szam><Szam szam="74">179</Szam><Szam szam="75">222</Szam><Szam szam="76">207</Szam><Szam szam="77">211</Szam><Szam szam="78">198</Szam><Szam szam="79">184</Szam><Szam szam="80">166</Szam><Szam szam="81">193</Szam><Szam szam="82">169</Szam><Szam szam="83">200</Szam><Szam szam="84">192</Szam><Szam szam="85">193</Szam><Szam szam="86">214</Szam><Szam szam="87">165</Szam><Szam szam="88">151</Szam><Szam szam="89">172</Szam><Szam szam="90">191</Szam></Result>
