<?xml version="1.0" encoding="UTF-8"?>
<project-private xmlns="http://www.netbeans.org/ns/project-private/1">
    <editor-bookmarks xmlns="http://www.netbeans.org/ns/editor-bookmarks/2" lastBookmarkId="0"/>
    <open-files xmlns="http://www.netbeans.org/ns/projectui-open-files/2">
        <group>
            <file>file:/C:/xampp202308/htdocs/AbsztraktGepek/classes/GepAlkatresz.php</file>
            <file>file:/C:/xampp202308/htdocs/AbsztraktGepek/classes/Processzor.php</file>
            <file>file:/C:/xampp202308/htdocs/AbsztraktGepek/index.php</file>
            <file>file:/C:/xampp202308/htdocs/AbsztraktGepek/alkatreszek.xml</file>
            <file>file:/C:/xampp202308/htdocs/AbsztraktGepek/classes/Memoria.php</file>
            <file>file:/C:/xampp202308/htdocs/AbsztraktGepek/classes/Alaplap.php</file>
        </group>
    </open-files>
</project-private>
